<?xml version="1.0" encoding="UTF-8"?>

<!DOCTYPE mapper
  PUBLIC "-//mybatis.org//DTD Mapper 3.0//EN"
  "http://mybatis.org/dtd/mybatis-3-mapper.dtd">

<mapper namespace="reply">

	<insert id ="insertReply" parameterType="spring.mvc.dto.ReplyVO">
		insert into tbl_reply(reply_no, board_no, reply, replyer)
		values (#{reply_no}, #{board_no}, #{reply}, #{replyer})
		
	
	</insert>
	
	<select id ="ReplyList" resultType="spring.mvc.dto.ReplyVO">
		select * from tbl_reply where board_no=#{board_no} order by reply_no desc
	
	</select>
	
	<update id ="updateReply" >
		update tbl_reply
		set
		reply = #{reply}
		where reply_no = #{reply_no}
	
	</update>
	
	<delete id ="deleteReply" >
		delete from tbl_reply where reply_no = #{reply_no}
	
	</delete>
	
</mapper>