<?xml version="1.0" encoding="UTF-8"?>
<!DOCTYPE mapper
  PUBLIC "-//mybatis.org//DTD Mapper 3.0//EN"
  "http://mybatis.org/dtd/mybatis-3-mapper.dtd">


 <mapper namespace ="spring.mvc.dto.NoticeVO">
 
 	<insert id="insertNotice" parameterType= "spring.mvc.dto.NoticeVO">
 		insert into notice (ntitle,ncontent,nwriter)
 		values(
 			#{ntitle}, <!-- 게시판내용 -->
 			#{ncontent},
 			#{nwriter}
 		)
 	</insert>
 	
 	<select id="NoticeListAll" resultType= "NoticeVO">
 		select * from notice order by nidx desc
 	</select>
 	
 	<select id="NoticelList"  resultType= "NoticeVO">
        SELECT *
        FROM notice
        WHERE nidx = #{nidx}
    </select>
 	
 	<update id="NoticeUpdate">
        update notice 
        set ntitle = #{ntitle}, ncontent = #{ncontent}
        where nidx = #{nidx}
    </update>
    
 	<delete id="NoticeDelete">
		delete from notice where nidx = #{nidx}
	
	</delete>
 	
 </mapper>